userId,brandName,comment
U004,FusionBlend 500,Tried making peanut butter with my FusionBlend 500 and it worked perfectly!
U036,EchoBuds 3,"The noise cancellation on my echoBud 3 is exceptional, blocking all the unwanted sounds."
U012,XenPhone X,Battery life on my XenPhone x is incredible! It lasts over 48 hours on a single charge.
U014,FlexFit Pro,The fexFit Pro is exactly what I was looking for. Perfect design and performance!
U533,FlexFit Pro,The fitness tracking on my FlexFit Pro is really good. It keeps me motivated to stay fit.
U037,FlexFit Pro,My FlexFit Pro is exactly what I needed for tracking my workouts. Highly recommend it.
U839,FusionBlend 500,The FsionBlend 500 is perfect for smoothies. Blends everything smoothly and quickly.
U044,FusionBlend 500,The FusionBlend 500 is a powerhouse! It blends everything perfectly and quickly.
U148,EchoBuds 3,Iâ€™m very impressed with the sound and noise cancellation of my EchoBuds 3.
U349,FusionBlend 500,The FusionBlend 500 is great for smoothies and shakes. My family uses it every day.
